{"cameraMode":{"drawMode":0,"name":"Shaded","section":"Shading Mode"},"sceneLighting":false,"audioPlay":false,"sceneViewState":{"showFog":true,"showMaterialUpdate":false,"showSkybox":true,"showFlares":true,"showImageEffects":true,"showParticleSystems":true},"in2DMode":false,"pivot":{"x":-0.5520920753479004,"y":0.18392205238342286,"z":1.8236172199249268},"rotation":{"x":0.06746145337820053,"y":0.1836048811674118,"z":0.012650390155613423,"w":-0.9806150197982788},"size":6.101953506469727,"orthographic":false}