{"cameraMode":{"drawMode":0,"name":"Shaded","section":"Shading Mode"},"sceneLighting":false,"audioPlay":false,"sceneViewState":{"showFog":true,"showMaterialUpdate":false,"showSkybox":true,"showFlares":true,"showImageEffects":true,"showParticleSystems":true},"in2DMode":false,"pivot":{"x":-4.719554424285889,"y":-17.456989288330079,"z":67.49546813964844},"rotation":{"x":-0.12590958178043366,"y":0.03183593228459358,"z":-0.004044588655233383,"w":-0.9915271401405335},"size":73.43987274169922,"orthographic":false}