{"cameraMode":{"drawMode":0,"name":"Shaded","section":"Shading Mode"},"sceneLighting":false,"audioPlay":false,"sceneViewState":{"showFog":true,"showMaterialUpdate":false,"showSkybox":true,"showFlares":true,"showImageEffects":true,"showParticleSystems":true},"in2DMode":false,"pivot":{"x":-12.261452674865723,"y":-12.454500198364258,"z":-5.506089210510254},"rotation":{"x":0.19761154055595399,"y":-0.7804368138313294,"z":0.3020819425582886,"w":0.5105265974998474},"size":22.0,"orthographic":false}